{"mae": 418.6972504190095, "rmse": 657.0300592796082, "accuracy_score": "95.91%"}